"Tarih","Şimdi","Açılış","Yüksek","Düşük","Fark %"
"27.09.2019","272,992","274,703","275,121","270,986","-0,61%"
"26.09.2019","274,664","274,873","276,505","273,190","-0,08%"
"25.09.2019","274,874","280,543","281,268","273,995","-2,03%"
"24.09.2019","280,557","279,625","281,451","277,372","0,33%"
"23.09.2019","279,626","279,510","281,343","278,327","0,05%"
"22.09.2019","279,479","279,108","279,595","278,939","-0,19%"
"20.09.2019","279,997","275,748","280,239","274,669","1,54%"
"19.09.2019","275,762","272,387","275,831","272,003","1,22%"
"18.09.2019","272,425","275,172","275,761","271,401","-1,00%"
"17.09.2019","275,178","275,932","278,894","274,844","-0,29%"
"16.09.2019","275,969","277,350","278,804","274,928","-0,50%"
"15.09.2019","277,347","276,350","277,698","275,532","1,89%"
"13.09.2019","272,207","272,660","275,542","271,434","-0,18%"
"12.09.2019","272,690","276,098","278,583","272,178","-1,24%"
"11.09.2019","276,117","275,864","278,207","275,576","0,09%"
"10.09.2019","275,857","276,387","278,871","274,624","-0,19%"
"09.09.2019","276,393","276,320","280,164","276,254","0,02%"
"08.09.2019","276,331","276,354","276,625","275,911","-0,17%"
"06.09.2019","276,815","277,957","280,640","275,441","-0,41%"
"05.09.2019","277,956","282,989","283,109","275,613","-1,78%"
"04.09.2019","282,998","285,244","285,273","279,245","-0,78%"
"03.09.2019","285,210","284,958","286,450","283,009","0,08%"
"02.09.2019","284,976","287,024","287,228","283,468","-0,71%"
"01.09.2019","287,011","287,502","287,906","286,836","0,61%"
"30.08.2019","285,284","286,710","287,986","284,324","-0,51%"
"29.08.2019","286,747","288,092","291,032","285,252","-0,47%"
"28.08.2019","288,095","289,326","289,684","286,420","-0,44%"
"27.08.2019","289,369","286,413","290,226","285,841","1,03%"
"26.08.2019","286,424","289,813","290,370","284,254","-1,18%"
"25.08.2019","289,853","286,131","299,615","286,131","2,66%"
"23.08.2019","282,344","277,785","283,820","276,944","1,64%"
"22.08.2019","277,785","276,629","279,002","275,812","0,41%"
"21.08.2019","276,656","277,667","277,878","274,696","-0,36%"
"20.08.2019","277,667","271,769","278,006","271,250","2,17%"
"19.08.2019","271,763","271,175","274,142","268,685","0,23%"
"18.08.2019","271,151","271,263","271,886","270,802","-0,16%"
"16.08.2019","271,573","273,462","273,666","268,768","-0,69%"
"15.08.2019","273,473","273,700","274,777","269,259","-0,09%"
"14.08.2019","273,732","268,983","275,053","267,882","1,77%"
"13.08.2019","268,984","270,535","277,072","265,641","-0,56%"
"12.08.2019","270,502","265,280","271,620","264,317","1,97%"
"11.08.2019","265,282","264,651","265,448","264,156","0,34%"
"09.08.2019","264,388","265,289","266,684","263,551","-0,33%"
"08.08.2019","265,266","265,171","265,960","261,860","0,03%"
"07.08.2019","265,183","262,500","266,540","261,845","1,02%"
"06.08.2019","262,501","264,926","265,180","259,560","-0,91%"
"05.08.2019","264,923","256,900","265,106","256,714","3,12%"
"04.08.2019","256,898","257,859","258,082","256,739","-0,24%"
"02.08.2019","257,508","259,186","259,848","256,321","-0,64%"
"01.08.2019","259,168","253,379","261,024","251,161","2,29%"
"31.07.2019","253,373","255,791","256,070","252,451","-0,94%"
"30.07.2019","255,767","257,339","257,361","254,825","-0,61%"
"29.07.2019","257,339","258,349","259,409","255,224","-0,39%"
"28.07.2019","258,335","258,309","258,735","258,201","-0,06%"
"26.07.2019","258,495","259,414","260,209","256,038","-0,35%"
"25.07.2019","259,415","261,815","264,698","258,626","-0,92%"
"24.07.2019","261,830","260,703","263,055","260,185","0,43%"
"23.07.2019","260,701","259,662","261,540","258,386","0,40%"
"22.07.2019","259,663","259,251","261,128","258,793","0,18%"
"21.07.2019","259,187","259,431","259,729","258,721","-0,00%"
"19.07.2019","259,198","260,993","262,040","258,171","-0,66%"
"18.07.2019","260,924","260,354","262,572","257,358","0,23%"
"17.07.2019","260,327","257,976","261,327","255,799","0,83%"
"16.07.2019","258,175","259,922","260,395","257,031","-0,67%"
"15.07.2019","259,925","260,895","261,167","258,369","-0,37%"
"14.07.2019","260,880","260,404","261,390","260,290","0,16%"
"12.07.2019","260,468","256,965","261,384","256,559","1,36%"
"11.07.2019","256,964","260,041","260,963","255,755","-1,18%"
"10.07.2019","260,045","256,978","260,146","256,026","1,19%"
"09.07.2019","256,986","257,032","258,026","254,241","-0,02%"
"08.07.2019","257,044","257,696","261,130","256,740","-0,25%"
"07.07.2019","257,685","259,452","259,452","257,005","1,77%"
"05.07.2019","253,192","255,908","256,334","251,443","-1,06%"
"04.07.2019","255,903","256,469","256,940","254,035","-0,21%"
"03.07.2019","256,448","260,130","261,235","255,829","-1,41%"
"02.07.2019","260,118","251,826","261,117","251,535","3,30%"
"01.07.2019","251,815","256,913","257,881","251,193","-2,00%"
"30.06.2019","256,955","256,456","257,858","255,069","-2,04%"
"28.06.2019","262,308","261,897","264,420","260,706","0,15%"
"27.06.2019","261,910","261,758","262,101","259,778","0,06%"
"26.06.2019","261,762","264,312","264,687","260,001","-0,98%"
"25.06.2019","264,348","265,918","268,826","263,717","-0,59%"
"24.06.2019","265,928","260,737","266,033","257,725","1,96%"
"23.06.2019","260,805","258,911","261,497","258,570","-0,38%"
"21.06.2019","261,810","257,787","262,484","257,750","1,55%"
"20.06.2019","257,806","253,082","259,217","253,082","1,87%"
"19.06.2019","253,082","252,175","255,918","251,446","0,36%"
"18.06.2019","252,170","253,010","254,591","251,135","-0,33%"
"17.06.2019","253,009","254,676","255,839","251,697","-0,65%"
"16.06.2019","254,673","255,251","255,639","254,663","0,10%"
"14.06.2019","254,410","254,001","258,581","253,128","0,15%"
"13.06.2019","254,023","249,390","254,046","248,945","1,86%"
"12.06.2019","249,392","247,845","250,763","247,463","0,62%"
"11.06.2019","247,849","247,593","248,825","244,909","0,10%"
"10.06.2019","247,595","250,814","251,259","246,026","-1,28%"
"09.06.2019","250,809","250,435","250,945","250,247","-0,22%"
"07.06.2019","251,369","248,373","252,002","247,958","1,20%"
"06.06.2019","248,379","244,808","249,224","244,030","1,46%"
"05.06.2019","244,803","246,164","248,249","242,926","-0,55%"
"04.06.2019","246,154","248,663","250,014","244,039","-1,01%"
"03.06.2019","248,656","246,701","249,618","246,110","0,79%"
"02.06.2019","246,699","245,807","246,899","245,580","0,64%"
"31.05.2019","245,123","245,368","246,114","243,128","-0,10%"
"30.05.2019","245,359","247,763","248,036","240,846","-0,97%"
"29.05.2019","247,762","248,205","249,977","247,264","-0,18%"
"28.05.2019","248,221","250,792","251,064","246,108","-1,02%"
"27.05.2019","250,790","251,203","251,863","249,551","-0,16%"
"26.05.2019","251,193","251,767","252,235","251,026","-0,02%"
"24.05.2019","251,245","252,623","252,936","249,823","-0,56%"
"23.05.2019","252,657","250,845","253,416","250,614","0,72%"
"22.05.2019","250,856","248,575","251,039","247,995","0,92%"
"21.05.2019","248,577","247,546","249,930","246,631","0,41%"
"20.05.2019","247,551","249,035","249,466","246,642","-0,60%"
"19.05.2019","249,055","248,775","249,212","248,675","0,04%"
"17.05.2019","248,965","250,393","252,117","247,864","-0,57%"
"16.05.2019","250,400","250,774","251,919","248,828","-0,15%"
"15.05.2019","250,770","251,913","253,976","249,485","-0,46%"
"14.05.2019","251,926","255,158","255,449","249,656","-1,27%"
"13.05.2019","255,158","248,017","255,195","246,066","2,88%"
"12.05.2019","248,017","248,557","248,769","247,524","0,20%"
"10.05.2019","247,524","254,259","254,487","246,709","-2,64%"
"09.05.2019","254,243","253,846","258,418","253,501","0,16%"
"08.05.2019","253,846","254,446","257,195","253,741","-0,23%"
"07.05.2019","254,443","251,222","255,543","250,722","1,28%"
"06.05.2019","251,222","247,143","253,263","246,648","1,64%"
"05.05.2019","247,179","246,997","247,435","246,505","0,79%"
"03.05.2019","245,243","243,755","246,113","243,707","0,60%"
"02.05.2019","243,785","244,796","245,011","243,036","-0,42%"
"01.05.2019","244,804","246,123","246,224","244,070","-0,54%"
"30.04.2019","246,124","244,999","246,962","244,999","0,46%"
"29.04.2019","244,995","245,857","246,289","244,073","-0,33%"
"28.04.2019","245,805","245,952","246,001","245,789","0,15%"
"26.04.2019","245,448","245,006","246,383","244,008","0,18%"
"25.04.2019","245,008","241,309","245,536","240,777","1,53%"
"24.04.2019","241,308","238,680","241,711","238,480","1,10%"
"23.04.2019","238,681","238,911","239,265","237,525","-0,09%"
"22.04.2019","238,893","239,188","240,737","238,204","-0,12%"
"21.04.2019","239,191","239,289","239,293","238,743","0,46%"
"18.04.2019","238,097","235,935","239,980","235,475","0,92%"
"17.04.2019","235,937","237,627","237,743","234,146","-0,72%"
"16.04.2019","237,641","240,482","240,490","235,062","-1,18%"
"15.04.2019","240,482","239,956","241,313","239,226","0,22%"
"14.04.2019","239,956","239,467","240,223","239,408","0,12%"
"12.04.2019","239,666","238,320","242,397","238,317","0,55%"
"11.04.2019","238,353","239,007","240,925","237,527","-0,27%"
"10.04.2019","239,006","238,457","239,928","237,768","0,23%"
"09.04.2019","238,452","237,533","239,350","235,587","0,38%"
"08.04.2019","237,550","234,171","239,020","234,117","1,44%"
"07.04.2019","234,182","234,157","234,491","234,111","0,30%"
"05.04.2019","233,488","232,966","234,765","230,710","0,23%"
"04.04.2019","232,959","233,551","235,237","229,800","-0,25%"
"03.04.2019","233,553","233,305","235,157","231,909","0,11%"
"02.04.2019","233,304","228,340","235,627","228,045","2,17%"
"01.04.2019","228,340","232,526","236,442","225,568","-1,82%"
"31.03.2019","232,572","232,346","232,969","232,147","0,37%"
"29.03.2019","231,719","231,355","236,535","230,850","0,16%"
"28.03.2019","231,353","227,117","236,592","226,378","1,85%"
"27.03.2019","227,143","227,111","231,515","224,169","0,01%"
"26.03.2019","227,111","236,329","237,276","224,374","-3,90%"
"25.03.2019","236,324","239,976","242,652","235,776","-1,53%"
"24.03.2019","239,992","242,683","242,814","237,220","-1,36%"
"22.03.2019","243,301","230,047","246,722","229,663","5,76%"
"21.03.2019","230,056","229,597","231,224","229,389","0,20%"
"20.03.2019","229,589","229,991","230,477","228,393","-0,17%"
"19.03.2019","229,991","229,186","230,841","229,174","0,36%"
"18.03.2019","229,166","227,904","229,602","227,450","0,56%"
"17.03.2019","227,897","228,081","228,218","227,893","-0,02%"
"15.03.2019","227,944","227,976","229,816","227,398","-0,02%"
"14.03.2019","227,985","229,923","229,995","227,385","-0,84%"
"13.03.2019","229,915","228,417","230,420","228,329","0,66%"
"12.03.2019","228,406","225,853","228,528","225,835","1,14%"
"11.03.2019","225,833","226,676","227,754","225,787","-0,37%"
"10.03.2019","226,672","227,018","227,134","226,231","-0,18%"
"08.03.2019","227,079","225,760","228,344","225,518","0,59%"
"07.03.2019","225,758","224,952","226,596","224,026","0,36%"
"06.03.2019","224,954","223,107","225,437","221,704","0,83%"
"05.03.2019","223,110","223,165","223,356","221,621","-0,03%"
"04.03.2019","223,166","223,739","224,157","222,014","-0,26%"
"03.03.2019","223,749","223,439","223,901","223,362","0,09%"
"01.03.2019","223,543","225,763","226,971","222,866","-0,99%"
"28.02.2019","225,781","225,699","227,069","224,873","0,04%"
"27.02.2019","225,700","226,714","226,937","225,079","-0,45%"
"26.02.2019","226,713","226,478","227,306","225,630","0,11%"
"25.02.2019","226,465","227,196","227,826","225,925","-0,33%"
"24.02.2019","227,214","227,258","227,550","227,118","0,07%"
"22.02.2019","227,047","226,907","228,102","226,447","0,06%"
"21.02.2019","226,915","229,645","230,319","225,993","-1,19%"
"20.02.2019","229,646","227,615","230,469","227,575","0,89%"
"19.02.2019","227,612","226,003","228,152","225,471","0,71%"
"18.02.2019","226,003","224,546","226,690","224,160","0,65%"
"17.02.2019","224,546","224,868","224,868","224,342","0,29%"
"15.02.2019","223,892","222,590","224,742","222,450","0,58%"
"14.02.2019","222,592","222,162","223,880","221,490","0,20%"
"13.02.2019","222,157","221,256","223,551","220,907","0,39%"
"12.02.2019","221,286","222,031","223,172","221,214","-0,34%"
"11.02.2019","222,043","221,867","222,778","220,855","0,08%"
"10.02.2019","221,867","221,906","221,927","221,838","0,12%"
"08.02.2019","221,604","222,246","222,246","220,903","-0,29%"
"07.02.2019","222,241","219,286","223,163","218,717","1,35%"
"06.02.2019","219,290","219,985","221,152","218,885","-0,32%"
"05.02.2019","219,986","220,036","220,736","218,939","-0,02%"
"04.02.2019","220,035","220,924","221,171","219,472","-0,40%"
"03.02.2019","220,926","221,079","221,095","220,750","0,13%"
"01.02.2019","220,629","220,086","222,294","219,898","0,25%"
"31.01.2019","220,086","221,956","222,374","219,029","-0,84%"
"30.01.2019","221,949","223,757","224,955","221,161","-0,81%"
"29.01.2019","223,757","223,187","225,440","223,062","0,26%"
"28.01.2019","223,187","220,296","223,801","219,993","1,31%"
"27.01.2019","220,296","221,037","221,077","220,287","-0,16%"
"25.01.2019","220,653","217,055","220,903","216,740","1,67%"
"24.01.2019","217,038","218,400","218,671","216,346","-0,62%"
"23.01.2019","218,402","220,619","221,044","217,687","-1,00%"
"22.01.2019","220,614","219,153","221,466","218,800","0,67%"
"21.01.2019","219,150","219,729","220,679","218,964","-0,26%"
"20.01.2019","219,731","219,934","220,085","219,711","0,06%"
"18.01.2019","219,606","222,693","222,956","219,094","-1,39%"
"17.01.2019","222,693","222,271","223,678","221,185","0,19%"
"16.01.2019","222,263","225,727","226,258","221,614","-1,53%"
"15.01.2019","225,725","226,833","227,056","224,901","-0,49%"
"14.01.2019","226,832","227,031","230,126","225,389","-0,09%"
"13.01.2019","227,026","226,667","227,808","226,504","0,60%"
"11.01.2019","225,674","224,838","228,220","224,716","0,37%"
"10.01.2019","224,845","227,585","229,416","223,727","-1,20%"
"09.01.2019","227,585","226,542","228,483","225,399","0,46%"
"08.01.2019","226,541","223,131","227,878","222,050","1,53%"
"07.01.2019","223,128","219,973","224,236","219,666","1,43%"
"06.01.2019","219,974","220,502","220,612","219,879","-0,07%"
"04.01.2019","220,129","227,973","228,120","219,363","-3,44%"
"03.01.2019","227,975","227,947","231,362","223,872","0,01%"
"02.01.2019","227,947","217,944","233,691","217,457","4,59%"
"01.01.2019","217,944","217,899","217,967","217,718","-0,11%"
"31.12.2018","218,191","217,375","219,205","216,837","0,38%"
"30.12.2018","217,375","218,239","218,384","217,268","0,02%"
"28.12.2018","217,326","217,117","217,880","215,922","0,10%"
"27.12.2018","217,116","215,455","217,321","215,163","0,77%"
"26.12.2018","215,454","215,383","217,543","214,791","0,03%"
"25.12.2018","215,387","215,785","217,040","215,380","-0,29%"
"24.12.2018","216,017","215,220","216,362","214,569","0,37%"
"23.12.2018","215,220","215,087","215,231","215,026","0,35%"
"21.12.2018","214,477","213,638","215,449","212,686","0,40%"
"20.12.2018","213,631","211,948","213,957","211,014","0,79%"
"19.12.2018","211,955","214,483","214,946","210,536","-1,18%"
"18.12.2018","214,480","215,305","216,348","214,110","-0,38%"
"17.12.2018","215,300","213,766","215,736","213,571","0,72%"
"16.12.2018","213,768","213,583","213,937","213,583","0,12%"
"14.12.2018","213,503","213,586","215,958","213,234","-0,04%"
"13.12.2018","213,583","214,274","215,815","211,799","-0,32%"
"12.12.2018","214,271","214,240","216,211","213,655","0,01%"
"11.12.2018","214,239","213,187","216,874","212,877","0,49%"
"10.12.2018","213,190","213,767","214,417","211,330","-0,27%"
"09.12.2018","213,764","213,420","213,895","213,325","0,37%"
"07.12.2018","212,978","212,391","213,479","210,594","0,27%"
"06.12.2018","212,397","212,152","215,195","211,987","0,12%"
"05.12.2018","212,152","214,628","216,526","211,349","-1,16%"
"04.12.2018","214,644","207,980","217,623","207,894","3,22%"
"03.12.2018","207,952","204,080","209,503","203,104","1,90%"
"02.12.2018","204,080","203,577","204,934","203,507","-0,43%"
"30.11.2018","204,970","203,546","206,019","202,726","0,70%"
"29.11.2018","203,544","204,923","205,699","202,234","-0,67%"
"28.11.2018","204,923","205,513","206,215","204,564","-0,29%"
"27.11.2018","205,511","206,248","207,077","205,143","-0,36%"
"26.11.2018","206,248","208,491","208,558","205,371","-1,08%"
"25.11.2018","208,491","208,456","208,497","208,291","0,43%"
"23.11.2018","207,604","209,129","209,774","207,031","-0,73%"
"22.11.2018","209,129","209,691","210,923","208,316","-0,27%"
"21.11.2018","209,691","211,523","212,006","208,104","-0,87%"
"20.11.2018","211,522","209,122","213,704","208,793","1,15%"
"19.11.2018","209,121","209,979","210,456","208,262","-0,41%"
"18.11.2018","209,979","210,247","210,380","209,728","0,23%"
"16.11.2018","209,498","210,525","210,536","208,686","-0,51%"
"15.11.2018","210,582","212,729","213,191","207,194","-1,03%"
"14.11.2018","212,768","211,865","214,766","210,418","0,43%"
"13.11.2018","211,850","211,550","213,251","211,137","0,14%"
"12.11.2018","211,560","212,755","214,131","210,538","-0,53%"
"11.11.2018","212,688","212,779","212,820","212,387","0,11%"
"09.11.2018","212,461","214,802","217,509","212,264","-1,09%"
"08.11.2018","214,802","211,538","215,577","211,246","1,54%"
"07.11.2018","211,539","211,656","213,768","211,040","-0,06%"
"06.11.2018","211,675","210,651","214,341","209,982","0,49%"
"05.11.2018","210,647","215,504","217,209","209,867","-2,25%"
"04.11.2018","215,488","215,339","215,510","215,157","0,13%"
"02.11.2018","215,209","218,996","219,236","214,492","-1,73%"
"01.11.2018","218,994","218,344","222,266","218,030","0,30%"
"31.10.2018","218,344","215,575","220,081","214,043","1,30%"
"30.10.2018","215,532","219,861","219,964","214,961","-1,98%"
"29.10.2018","219,894","221,597","222,101","217,843","-0,77%"
"28.10.2018","221,591","222,022","222,088","221,362","-0,10%"
"26.10.2018","221,822","223,184","224,591","220,847","-0,61%"
"25.10.2018","223,186","226,608","228,463","221,976","-1,50%"
"24.10.2018","226,589","227,627","229,004","223,883","-0,45%"
"23.10.2018","227,623","222,707","233,386","222,633","2,21%"
"22.10.2018","222,707","222,983","223,516","221,837","-0,12%"
"21.10.2018","222,972","222,922","223,134","222,884","0,28%"
"19.10.2018","222,340","222,115","224,985","220,818","0,10%"
"18.10.2018","222,111","219,920","224,742","216,933","1,00%"
"17.10.2018","219,921","224,255","225,252","218,430","-1,93%"
"16.10.2018","224,257","227,971","229,922","223,130","-1,63%"
"15.10.2018","227,971","231,088","231,697","226,883","-1,36%"
"14.10.2018","231,125","230,484","231,595","230,384","0,49%"
"12.10.2018","229,998","232,502","234,833","228,743","-1,08%"
"11.10.2018","232,502","233,412","235,957","230,079","-0,38%"
"10.10.2018","233,392","233,554","234,274","229,886","-0,08%"
"09.10.2018","233,570","234,054","234,848","232,852","-0,21%"
"08.10.2018","234,058","238,566","238,619","233,175","-1,91%"
"07.10.2018","238,610","238,682","238,732","238,387","0,74%"
"05.10.2018","236,853","238,424","239,490","235,936","-0,66%"
"04.10.2018","238,425","233,366","240,149","233,273","2,17%"
"03.10.2018","233,353","232,255","235,749","230,899","0,47%"
"02.10.2018","232,250","227,067","233,206","227,037","2,29%"
"01.10.2018","227,057","231,431","231,611","225,514","-1,90%"
"30.09.2018","231,444","232,254","232,254","231,415","-0,25%"
"28.09.2018","232,035","228,634","233,615","226,935","1,48%"
"27.09.2018","228,648","235,087","236,123","227,078","-2,75%"
"26.09.2018","235,109","239,208","239,493","233,188","-1,71%"
"25.09.2018","239,204","237,423","240,668","234,114","0,74%"
"24.09.2018","237,443","242,953","243,648","233,654","-2,28%"
"23.09.2018","242,975","242,965","243,336","242,776","0,12%"
"21.09.2018","242,677","241,563","244,453","240,866","0,45%"
"20.09.2018","241,598","242,044","246,610","237,017","-0,19%"
"19.09.2018","242,052","246,888","248,351","241,154","-1,97%"
"18.09.2018","246,908","243,843","249,441","243,106","1,26%"
"17.09.2018","243,833","236,426","244,276","236,319","3,13%"
"16.09.2018","236,433","236,543","236,677","236,316","-0,14%"
"14.09.2018","236,759","236,862","238,531","233,479","-0,05%"
"13.09.2018","236,870","246,273","254,144","233,277","-3,82%"
"12.09.2018","246,271","247,855","248,373","243,326","-0,64%"
"11.09.2018","247,866","248,641","249,201","247,047","-0,31%"
"10.09.2018","248,641","247,061","249,360","245,990","0,66%"
"09.09.2018","247,018","246,280","247,037","245,891","0,22%"
"07.09.2018","246,472","254,557","255,168","245,063","-3,18%"
"06.09.2018","254,559","253,119","255,996","252,810","0,41%"
"05.09.2018","253,515","255,698","258,076","252,533","-0,85%"
"04.09.2018","255,694","256,235","258,503","254,496","-0,20%"
"03.09.2018","256,216","253,822","259,637","252,094","0,94%"
"02.09.2018","253,820","253,962","254,292","252,995","0,46%"
"31.08.2018","252,648","259,827","262,543","247,308","-2,76%"
"30.08.2018","259,826","251,294","264,954","250,343","3,44%"
"29.08.2018","251,191","242,249","251,540","241,424","3,69%"
"28.08.2018","242,243","240,056","244,621","238,636","0,91%"
"27.08.2018","240,056","232,511","243,767","232,024","3,24%"
"26.08.2018","232,515","232,364","232,802","232,161","-0,25%"
"24.08.2018","233,090","232,077","235,685","231,237","0,43%"
"23.08.2018","232,102","231,739","235,063","230,192","0,16%"
"22.08.2018","231,735","233,324","234,887","231,458","-0,68%"
"21.08.2018","233,328","233,659","236,480","230,168","-0,15%"
"20.08.2018","233,671","228,640","236,333","228,173","2,19%"
"19.08.2018","228,658","228,036","228,658","227,426","-0,42%"
"17.08.2018","229,627","220,953","239,750","217,385","3,93%"
"16.08.2018","220,951","225,720","226,942","215,443","-2,11%"
"15.08.2018","225,709","244,779","251,620","222,464","-7,79%"
"14.08.2018","244,778","266,755","267,116","241,902","-8,20%"
"13.08.2018","266,640","263,044","272,928","251,410","1,36%"
"12.08.2018","263,068","264,582","273,402","258,996","5,19%"
"10.08.2018","250,094","216,469","264,114","216,346","15,53%"
"09.08.2018","216,471","207,116","217,048","206,921","4,52%"
"08.08.2018","207,116","205,133","207,314","204,239","0,97%"
"07.08.2018","205,129","204,491","209,259","202,011","0,30%"
"06.08.2018","204,506","199,209","210,702","199,050","2,65%"
"05.08.2018","199,227","198,902","199,587","198,899","0,49%"
"03.08.2018","198,249","197,846","199,381","196,448","0,20%"
"02.08.2018","197,845","195,149","199,338","194,386","1,39%"
"01.08.2018","195,141","193,580","196,556","192,466","0,81%"
"31.07.2018","193,569","192,044","194,106","191,224","0,79%"
"30.07.2018","192,049","190,908","192,768","190,237","0,60%"
"29.07.2018","190,905","190,915","191,123","190,842","0,10%"
"27.07.2018","190,714","191,709","191,902","190,349","-0,52%"
"26.07.2018","191,716","190,241","192,546","189,326","0,77%"
"25.07.2018","190,244","192,260","192,835","188,886","-1,05%"
"24.07.2018","192,255","186,504","194,700","185,764","3,08%"
"23.07.2018","186,513","189,477","189,675","186,395","-1,57%"
"22.07.2018","189,490","189,475","189,550","189,226","-0,07%"
"20.07.2018","189,632","189,187","190,171","188,312","0,23%"
"19.07.2018","189,193","189,357","189,860","188,322","-0,09%"
"18.07.2018","189,354","189,508","190,518","187,628","-0,08%"
"17.07.2018","189,503","193,626","193,934","188,757","-2,13%"
"16.07.2018","193,621","193,802","194,608","192,401","-0,10%"
"15.07.2018","193,816","193,449","193,980","193,403","-0,01%"
"13.07.2018","193,831","195,019","195,207","192,548","-0,62%"
"12.07.2018","195,044","195,400","196,220","191,486","-0,21%"
"11.07.2018","195,446","190,413","196,993","189,367","2,64%"
"10.07.2018","190,416","190,843","191,637","187,811","-0,55%"
"09.07.2018","191,475","184,988","192,014","183,279","3,50%"
"08.07.2018","185,002","184,722","185,020","184,717","0,23%"
"06.07.2018","184,572","186,317","186,446","184,358","-0,92%"
"05.07.2018","186,288","188,969","189,206","185,175","-1,41%"
"04.07.2018","188,961","188,636","191,085","188,443","0,17%"
"03.07.2018","188,636","184,206","189,048","183,792","2,37%"
"02.07.2018","184,276","185,207","186,486","184,034","-0,51%"
"01.07.2018","185,215","185,269","185,443","185,096","0,25%"
"29.06.2018","184,746","184,365","185,778","183,304","0,21%"
"28.06.2018","184,368","186,198","186,968","183,884","-0,98%"
"27.06.2018","186,200","186,675","188,331","185,306","-0,26%"
"26.06.2018","186,681","190,825","191,576","186,498","-2,17%"
"25.06.2018","190,825","188,481","192,427","184,573","1,24%"
"24.06.2018","188,496","188,474","188,684","187,949","-1,34%"
"22.06.2018","191,062","193,118","193,612","190,143","-1,06%"
"21.06.2018","193,118","193,688","193,953","192,288","-0,29%"
"20.06.2018","193,688","194,367","195,312","192,898","-0,35%"
"19.06.2018","194,365","193,965","196,327","193,280","0,20%"
"18.06.2018","193,973","195,287","195,578","192,634","-0,67%"
"17.06.2018","195,287","195,315","195,333","195,272","0,36%"
"15.06.2018","194,589","198,521","198,853","193,824","-1,98%"
"14.06.2018","198,522","194,786","198,817","192,814","1,92%"
"13.06.2018","194,788","191,107","195,479","190,819","1,93%"
"12.06.2018","191,107","188,703","191,471","188,517","1,27%"
"11.06.2018","188,718","187,275","189,338","186,490","0,76%"
"10.06.2018","187,300","187,404","187,408","187,173","0,37%"
"08.06.2018","186,612","186,888","189,596","186,423","-0,16%"
"07.06.2018","186,906","190,226","191,475","186,057","-1,74%"
"06.06.2018","190,214","191,521","193,101","189,236","-0,69%"
"05.06.2018","191,533","190,412","192,735","190,343","0,58%"
"04.06.2018","190,425","193,138","194,310","190,403","-1,42%"
"03.06.2018","193,162","193,419","193,488","193,055","-0,26%"
"01.06.2018","193,668","189,282","193,740","188,901","2,31%"
"31.05.2018","189,298","187,161","190,511","187,034","1,14%"
"30.05.2018","187,170","191,069","191,085","185,775","-2,05%"
"29.05.2018","191,078","191,292","194,316","189,109","-0,11%"
"28.05.2018","191,287","196,478","196,729","190,218","-2,64%"
"27.05.2018","196,464","196,406","196,737","196,406","-0,20%"
"25.05.2018","196,855","199,498","201,094","196,523","-1,33%"
"24.05.2018","199,510","190,550","201,603","189,774","4,70%"
"23.05.2018","190,559","196,954","204,992","188,869","-3,25%"
"22.05.2018","196,961","190,646","198,518","188,745","3,46%"
"21.05.2018","190,368","186,792","190,508","186,416","1,91%"
"20.05.2018","186,793","186,825","186,993","186,611","0,02%"
"18.05.2018","186,755","184,983","187,036","184,280","0,96%"
"17.05.2018","184,983","184,003","185,417","183,362","0,53%"
"16.05.2018","184,011","185,173","187,086","182,411","-0,62%"
"15.05.2018","185,167","183,975","187,462","183,801","0,65%"
"14.05.2018","183,975","183,041","184,622","182,725","0,49%"
"13.05.2018","183,069","183,218","183,265","183,048","0,10%"
"11.05.2018","182,895","180,022","183,483","179,661","1,59%"
"10.05.2018","180,033","180,936","181,925","179,281","-0,51%"
"09.05.2018","180,958","184,158","184,170","179,534","-1,73%"
"08.05.2018","184,142","180,460","184,219","179,955","2,05%"
"07.05.2018","180,441","179,345","180,587","178,699","0,60%"
"06.05.2018","179,369","179,299","179,739","179,206","0,31%"
"04.05.2018","178,811","178,311","180,608","178,066","0,28%"
"03.05.2018","178,308","175,670","179,357","175,043","1,51%"
"02.05.2018","175,657","172,485","175,770","172,296","1,85%"
"01.05.2018","172,459","171,632","173,142","171,068","0,48%"
"30.04.2018","171,642","172,522","172,876","170,243","-0,51%"
"29.04.2018","172,517","172,402","172,760","172,204","0,30%"
"27.04.2018","172,002","172,472","172,840","171,440","-0,27%"
"26.04.2018","172,473","173,584","174,006","171,986","-0,64%"
"25.04.2018","173,585","175,045","175,076","171,892","-0,84%"
"24.04.2018","175,058","174,986","175,371","174,028","0,05%"
"23.04.2018","174,974","174,839","175,635","174,141","0,08%"
"22.04.2018","174,839","175,207","175,220","174,795","-0,12%"
"20.04.2018","175,047","174,940","175,229","173,815","0,06%"
"19.04.2018","174,938","174,521","175,815","173,996","0,25%"
"18.04.2018","174,505","177,214","178,304","173,699","-1,52%"
"17.04.2018","177,199","177,566","178,102","176,166","-0,21%"
"16.04.2018","177,566","176,870","178,616","176,759","0,40%"
"15.04.2018","176,859","177,334","177,457","176,388","-0,19%"
"13.04.2018","177,203","176,993","177,519","175,333","0,10%"
"12.04.2018","177,032","180,169","180,764","175,804","-1,74%"
"11.04.2018","180,168","177,367","182,357","177,127","1,59%"
"10.04.2018","177,347","175,166","178,282","173,746","1,25%"
"09.04.2018","175,161","173,450","175,264","172,761","0,99%"
"08.04.2018","173,438","173,459","173,722","173,262","0,02%"
"06.04.2018","173,406","173,324","173,656","172,217","0,06%"
"05.04.2018","173,305","171,507","173,816","170,805","1,05%"
"04.04.2018","171,511","171,090","173,923","170,922","0,25%"
"03.04.2018","171,090","171,683","171,798","170,398","-0,35%"
"02.04.2018","171,691","168,732","171,946","168,638","1,76%"
"01.04.2018","168,725","168,654","168,839","168,494","0,44%"
"29.03.2018","167,994","171,180","171,454","167,287","-1,86%"
"28.03.2018","171,184","172,210","172,626","170,368","-0,60%"
"27.03.2018","172,211","172,514","173,321","171,599","-0,19%"
"26.03.2018","172,545","172,663","173,793","170,976","-0,06%"
"25.03.2018","172,645","172,204","173,011","172,196","0,02%"
"23.03.2018","172,610","170,418","172,984","170,245","1,29%"
"22.03.2018","170,413","167,437","172,731","166,794","1,77%"
"21.03.2018","167,446","165,651","167,922","165,623","1,08%"
"20.03.2018","165,651","167,030","167,128","165,136","-0,83%"
"19.03.2018","167,034","165,619","167,215","165,203","0,85%"
"18.03.2018","165,634","165,380","165,729","165,367","0,03%"
"16.03.2018","165,583","164,799","166,390","164,691","0,48%"
"15.03.2018","164,800","165,379","165,873","164,769","-0,36%"
"14.03.2018","165,392","165,050","165,932","164,332","0,19%"
"13.03.2018","165,080","163,770","165,381","162,840","0,79%"
"12.03.2018","163,780","162,205","163,880","161,639","0,97%"
"11.03.2018","162,206","162,340","162,415","162,101","0,03%"
"09.03.2018","162,159","162,448","162,494","160,985","-0,17%"
"08.03.2018","162,441","162,143","162,931","161,951","0,18%"
"07.03.2018","162,144","163,579","163,770","161,417","-0,87%"
"06.03.2018","163,571","161,836","163,793","161,484","1,07%"
"05.03.2018","161,839","162,149","163,387","161,467","-0,19%"
"04.03.2018","162,148","162,100","162,179","161,935","0,12%"
"02.03.2018","161,952","161,293","162,765","161,046","0,41%"
"01.03.2018","161,293","161,058","161,733","159,787","0,15%"
"28.02.2018","161,045","161,641","161,787","160,934","-0,37%"
"27.02.2018","161,639","162,167","162,637","160,772","-0,34%"
"26.02.2018","162,188","161,689","162,891","161,689","0,31%"
"25.02.2018","161,689","161,795","162,013","161,632","-0,15%"
"23.02.2018","161,927","161,863","162,150","161,507","0,05%"
"22.02.2018","161,854","161,805","162,119","161,286","0,04%"
"21.02.2018","161,793","162,458","162,585","161,151","-0,40%"
"20.02.2018","162,444","162,619","164,118","162,047","-0,09%"
"19.02.2018","162,593","162,409","163,007","162,315","0,09%"
"18.02.2018","162,443","162,376","162,663","162,369","0,06%"
"16.02.2018","162,338","163,935","164,940","162,141","-0,98%"
"15.02.2018","163,942","164,567","164,932","163,558","-0,38%"
"14.02.2018","164,565","163,076","164,846","161,473","0,91%"
"13.02.2018","163,076","161,546","163,223","161,420","0,95%"
"12.02.2018","161,536","161,597","162,670","161,207","-0,02%"
"11.02.2018","161,572","161,355","161,649","161,316","-0,03%"
"09.02.2018","161,613","162,541","162,682","161,123","-0,58%"
"08.02.2018","162,552","161,338","162,863","159,905","0,74%"
"07.02.2018","161,359","160,592","161,620","160,282","0,48%"
"06.02.2018","160,596","163,228","164,129","159,939","-1,62%"
"05.02.2018","163,245","161,683","163,400","161,205","0,97%"
"04.02.2018","161,677","161,643","161,835","161,318","0,08%"
"02.02.2018","161,553","161,920","162,835","160,617","-0,25%"
"01.02.2018","161,953","162,524","162,738","160,996","-0,35%"
"31.01.2018","162,522","162,632","163,044","161,224","-0,07%"
"30.01.2018","162,640","163,311","163,770","162,388","-0,42%"
"29.01.2018","163,325","162,957","163,927","162,680","0,22%"
"28.01.2018","162,960","162,851","163,006","162,695","0,13%"
"26.01.2018","162,744","162,832","163,492","162,624","-0,05%"
"25.01.2018","162,832","163,551","164,251","162,192","-0,44%"
"24.01.2018","163,548","162,580","163,575","162,219","0,58%"
"23.01.2018","162,609","161,906","163,366","161,894","0,42%"
"22.01.2018","161,922","164,382","164,382","161,770","-1,49%"
"21.01.2018","164,369","164,289","164,558","164,055","0,84%"
"19.01.2018","163,006","161,025","163,690","160,744","1,23%"
"18.01.2018","161,032","163,094","163,178","160,392","-1,26%"
"17.01.2018","163,081","163,805","164,530","162,453","-0,49%"
"16.01.2018","163,889","163,979","164,990","162,329","-0,05%"
"15.01.2018","163,978","161,412","164,059","161,360","1,54%"
"14.01.2018","161,489","161,459","161,571","161,210","0,16%"
"12.01.2018","161,236","160,511","161,598","160,051","0,45%"
"11.01.2018","160,515","160,963","161,547","160,216","-0,28%"
"10.01.2018","160,962","158,853","162,136","158,606","1,33%"
"09.01.2018","158,847","158,707","159,549","158,480","0,09%"
"08.01.2018","158,705","158,433","159,345","158,396","0,18%"
"07.01.2018","158,426","158,666","158,789","158,374","0,02%"
"05.01.2018","158,396","159,314","159,623","158,189","-0,57%"
"04.01.2018","159,309","159,417","159,715","158,407","-0,07%"
"03.01.2018","159,415","159,877","160,177","158,744","-0,28%"
"02.01.2018","159,868","159,252","160,034","158,297","0,42%"
"29.12.2017","159,207","157,180","159,251","157,021","1,29%"
"28.12.2017","157,177","157,955","158,792","156,506","-0,49%"
"27.12.2017","157,955","156,989","158,240","156,888","0,61%"
"26.12.2017","156,990","155,882","157,379","155,841","0,70%"
"25.12.2017","155,901","155,928","155,958","155,841","-0,16%"
"22.12.2017","156,151","155,649","156,492","155,431","0,31%"
"21.12.2017","155,672","155,715","156,025","155,186","-0,03%"
"20.12.2017","155,716","155,659","156,246","155,219","0,03%"
"19.12.2017","155,663","155,347","156,219","155,050","0,21%"
"18.12.2017","155,336","155,448","156,257","155,173","-0,07%"
"17.12.2017","155,448","156,060","156,068","155,393","-0,35%"
"15.12.2017","155,989","156,566","156,869","155,573","-0,37%"
"14.12.2017","156,574","153,783","157,136","153,715","1,81%"
"13.12.2017","153,789","153,797","154,518","153,099","-0,01%"
"12.12.2017","153,797","153,174","153,922","152,661","0,41%"
"11.12.2017","153,171","154,056","154,252","152,765","-0,58%"
"10.12.2017","154,057","153,992","154,135","153,966","0,06%"
"08.12.2017","153,963","154,955","155,547","153,525","-0,64%"
"07.12.2017","154,953","156,510","156,638","154,609","-1,01%"
"06.12.2017","156,530","156,415","157,524","156,215","0,07%"
"05.12.2017","156,417","159,099","159,191","155,799","-1,68%"
"04.12.2017","159,095","160,839","161,707","158,249","-1,08%"
"03.12.2017","160,825","160,796","160,922","160,731","-0,18%"
"01.12.2017","161,114","160,608","162,341","160,489","0,31%"
"30.11.2017","160,609","163,396","163,603","160,412","-1,71%"
"29.11.2017","163,398","165,001","165,544","163,162","-0,97%"
"28.11.2017","164,993","162,599","165,270","162,441","1,48%"
"27.11.2017","162,582","163,611","163,980","161,947","-0,63%"
"26.11.2017","163,613","163,595","163,792","163,462","-0,16%"
"24.11.2017","163,878","162,847","163,952","162,675","0,63%"
"23.11.2017","162,858","162,649","163,724","161,757","0,13%"
"22.11.2017","162,649","163,241","164,152","162,587","-0,37%"
"21.11.2017","163,245","161,684","163,873","161,224","0,97%"
"20.11.2017","161,677","160,924","163,289","160,319","0,47%"
"19.11.2017","160,924","160,569","160,942","160,397","-0,23%"
"17.11.2017","161,293","158,942","161,515","158,839","1,48%"
"16.11.2017","158,942","159,730","159,800","158,387","-0,49%"
"15.11.2017","159,731","160,185","160,971","159,314","-0,27%"
"14.11.2017","160,167","158,982","160,892","158,109","0,75%"
"13.11.2017","158,982","158,391","159,835","158,030","0,37%"
"12.11.2017","158,394","158,407","158,553","158,278","-0,10%"
"10.11.2017","158,545","159,828","160,212","158,110","-0,80%"
"09.11.2017","159,823","159,335","160,575","158,552","0,31%"
"08.11.2017","159,336","159,596","160,590","158,883","-0,18%"
"07.11.2017","159,626","157,595","159,708","157,392","1,29%"
"06.11.2017","157,595","158,624","158,626","156,464","-0,65%"
"05.11.2017","158,624","158,760","158,760","158,511","-0,08%"
"03.11.2017","158,747","156,112","158,874","156,091","1,68%"
"02.11.2017","156,118","156,537","157,302","155,747","-0,27%"
"01.11.2017","156,536","154,652","157,477","154,502","1,17%"
"31.10.2017","154,733","155,190","155,748","154,609","-0,32%"
"30.10.2017","155,231","154,972","155,704","153,694","0,19%"
"29.10.2017","154,944","154,784","155,332","154,700","-0,10%"
"27.10.2017","155,099","155,606","156,413","154,882","-0,34%"
"26.10.2017","155,621","154,610","156,744","154,180","0,62%"
"25.10.2017","154,657","153,302","156,365","152,553","0,85%"
"24.10.2017","153,359","153,139","154,200","152,464","0,12%"
"23.10.2017","153,174","151,141","153,467","151,044","1,31%"
"22.10.2017","151,197","151,706","151,766","151,049","0,05%"
"20.10.2017","151,118","151,536","151,777","150,786","-0,26%"
"19.10.2017","151,509","151,283","151,729","150,784","0,15%"
"18.10.2017","151,278","151,601","151,954","151,004","-0,21%"
"17.10.2017","151,599","151,824","152,179","151,136","-0,17%"
"16.10.2017","151,864","152,189","153,140","151,476","-0,22%"
"15.10.2017","152,198","152,669","152,885","151,963","-0,07%"
"13.10.2017","152,311","152,203","152,573","151,585","0,07%"
"12.10.2017","152,207","151,467","152,804","151,195","0,49%"
"11.10.2017","151,467","153,742","153,850","151,229","-1,50%"
"10.10.2017","153,766","152,932","153,844","151,908","0,54%"
"09.10.2017","152,935","152,463","154,273","151,427","0,35%"
"08.10.2017","152,401","151,069","154,592","151,059","2,76%"
"06.10.2017","148,312","146,394","148,353","146,159","1,31%"
"05.10.2017","146,398","146,413","146,916","146,082","-0,01%"
"04.10.2017","146,413","146,232","146,915","146,138","0,12%"
"03.10.2017","146,232","145,908","146,735","145,715","0,22%"
"02.10.2017","145,908","146,519","146,770","145,666","-0,42%"
"01.10.2017","146,519","146,761","146,828","146,395","-0,09%"
"29.09.2017","146,656","147,300","147,573","146,227","-0,44%"
"28.09.2017","147,300","147,719","147,963","146,789","-0,28%"
"27.09.2017","147,719","147,351","148,680","147,043","0,25%"
"26.09.2017","147,351","149,118","149,605","147,193","-1,18%"
"25.09.2017","149,118","145,439","149,773","145,359","2,53%"
"24.09.2017","145,438","146,127","146,127","145,249","-0,33%"
"22.09.2017","145,920","145,660","146,189","145,242","0,18%"
"21.09.2017","145,660","146,413","146,826","145,278","-0,51%"
"20.09.2017","146,413","147,030","147,456","146,215","-0,42%"
"19.09.2017","147,030","146,840","147,470","146,404","0,13%"
"18.09.2017","146,841","145,903","146,971","145,822","0,59%"
"15.09.2017","145,979","147,282","147,289","145,897","-0,88%"
"14.09.2017","147,273","147,114","147,842","146,414","0,11%"
"13.09.2017","147,117","146,965","147,799","146,541","0,11%"
"12.09.2017","146,954","145,623","147,306","145,180","0,91%"
"11.09.2017","145,626","146,655","146,904","145,395","-0,72%"
"10.09.2017","146,679","146,378","146,927","146,367","-0,69%"
"08.09.2017","147,703","147,708","148,769","147,424","0,03%"
"07.09.2017","147,657","146,995","148,036","146,827","0,45%"
"06.09.2017","146,991","148,332","148,624","146,683","-0,91%"
"05.09.2017","148,338","147,069","148,586","146,923","0,86%"
"04.09.2017","147,069","147,413","148,019","146,766","-0,22%"
"03.09.2017","147,391","147,363","147,468","147,040","0,94%"
"01.09.2017","146,017","146,683","146,741","145,189","-0,44%"
"31.08.2017","146,661","145,261","147,017","144,511","0,97%"
"30.08.2017","145,253","145,156","145,668","144,891","0,08%"
"29.08.2017","145,144","146,478","146,889","144,724","-0,91%"
"28.08.2017","146,479","143,159","147,022","143,029","2,31%"
"27.08.2017","143,166","143,053","143,296","142,984","0,30%"
"25.08.2017","142,738","144,196","144,788","142,590","-1,00%"
"24.08.2017","144,179","144,519","144,533","143,772","-0,24%"
"23.08.2017","144,523","144,286","145,363","144,114","0,16%"
"22.08.2017","144,287","145,242","145,242","144,197","-0,66%"
"21.08.2017","145,242","145,170","145,940","144,688","0,05%"
"20.08.2017","145,174","145,099","145,226","144,806","-0,11%"
"18.08.2017","145,331","146,216","147,301","145,130","-0,61%"
"17.08.2017","146,220","145,092","146,273","144,974","0,77%"
"16.08.2017","145,099","144,761","145,338","143,960","0,23%"
"15.08.2017","144,761","145,035","145,068","144,109","-0,19%"
"14.08.2017","145,030","146,530","146,530","144,990","-1,03%"
"13.08.2017","146,541","146,586","146,648","146,334","-0,02%"
"11.08.2017","146,567","146,565","147,342","145,944","-0,01%"
"10.08.2017","146,576","145,168","146,659","145,047","0,96%"
"09.08.2017","145,178","143,273","145,547","143,230","1,31%"
"08.08.2017","143,298","142,740","143,572","142,022","0,39%"
"07.08.2017","142,741","142,812","143,061","142,544","-0,04%"
"06.08.2017","142,801","143,037","143,061","142,661","-0,01%"
"04.08.2017","142,809","144,508","144,624","142,673","-1,17%"
"03.08.2017","144,504","144,302","144,612","144,023","0,49%"
"02.08.2017","143,803","143,870","144,155","143,581","-0,04%"
"01.08.2017","143,867","143,843","144,403","143,010","0,18%"
"31.07.2017","143,615","144,307","144,436","143,288","-0,48%"
"30.07.2017","144,310","144,478","144,505","144,214","0,20%"
"28.07.2017","144,022","143,314","144,228","142,906","0,49%"
"27.07.2017","143,326","143,219","143,725","142,701","0,07%"
"26.07.2017","143,224","143,218","143,605","142,378","0,01%"
"25.07.2017","143,213","143,339","143,814","143,104","-0,11%"
"24.07.2017","143,368","142,680","144,271","142,187","0,47%"
"23.07.2017","142,692","142,686","142,714","142,414","0,01%"
"21.07.2017","142,682","141,116","142,810","141,043","1,11%"
"20.07.2017","141,116","140,619","141,458","140,194","0,35%"
"19.07.2017","140,618","140,861","141,089","140,297","-0,17%"
"18.07.2017","140,861","139,947","141,066","139,941","0,65%"
"17.07.2017","139,948","139,837","140,572","139,837","0,06%"
"16.07.2017","139,868","139,578","139,902","139,553","0,08%"
"14.07.2017","139,755","139,646","140,564","139,361","0,08%"
"13.07.2017","139,642","139,963","140,618","139,558","-0,24%"
"12.07.2017","139,971","141,596","141,845","139,780","-1,17%"
"11.07.2017","141,624","140,815","141,998","140,494","0,58%"
"10.07.2017","140,802","141,282","141,302","139,795","-0,34%"
"09.07.2017","141,282","141,271","141,317","141,033","0,15%"
"07.07.2017","141,075","142,425","143,246","140,668","-0,96%"
"06.07.2017","142,442","142,320","143,428","141,972","0,09%"
"05.07.2017","142,320","140,344","142,557","139,973","1,40%"
"04.07.2017","140,356","139,867","140,418","139,542","0,34%"
"03.07.2017","139,875","140,537","140,756","139,386","-0,48%"
"02.07.2017","140,555","140,645","140,743","140,416","0,02%"
"30.06.2017","140,533","141,273","141,504","140,198","-0,53%"
"29.06.2017","141,281","141,163","141,692","140,466","0,10%"
"28.06.2017","141,144","141,577","142,583","140,994","-0,30%"
"27.06.2017","141,575","139,957","141,682","139,745","1,15%"
"26.06.2017","139,964","141,769","141,774","138,981","-1,27%"
"25.06.2017","141,769","141,767","141,803","141,668","-0,00%"
"23.06.2017","141,772","141,383","142,034","141,213","0,28%"
"22.06.2017","141,381","141,803","142,456","140,649","-0,31%"
"21.06.2017","141,814","141,908","142,212","140,800","-0,06%"
"20.06.2017","141,900","140,910","141,967","140,744","0,71%"
"19.06.2017","140,902","141,252","141,569","140,360","-0,26%"
"18.06.2017","141,272","141,114","141,334","141,095","0,07%"
"16.06.2017","141,168","141,760","142,390","141,078","-0,42%"
"15.06.2017","141,761","141,720","142,400","141,448","0,02%"
"14.06.2017","141,733","143,392","143,758","140,847","-1,16%"
"13.06.2017","143,397","143,064","143,595","142,774","0,24%"
"12.06.2017","143,058","144,329","144,481","142,976","-0,85%"
"11.06.2017","144,286","143,983","144,331","143,978","0,22%"
"09.06.2017","143,972","145,353","145,363","143,638","-0,96%"
"08.06.2017","145,374","146,680","146,940","144,351","-0,91%"
"07.06.2017","146,708","146,190","147,584","145,753","0,35%"
"06.06.2017","146,194","145,097","147,114","145,029","0,75%"
"05.06.2017","145,099","144,312","145,514","144,066","0,55%"
"04.06.2017","144,312","144,262","144,498","144,236","0,03%"
"02.06.2017","144,268","143,573","144,419","142,894","0,48%"
"01.06.2017","143,573","143,975","144,296","143,222","-0,27%"
"31.05.2017","143,964","144,235","144,549","143,387","-0,20%"
"30.05.2017","144,258","145,823","146,322","143,770","-1,10%"
"29.05.2017","145,857","145,921","146,006","145,467","-0,04%"
"28.05.2017","145,921","145,735","145,979","145,718","0,05%"
"26.05.2017","145,844","144,005","146,267","143,895","1,27%"
"25.05.2017","144,014","143,934","144,409","143,601","0,05%"
"24.05.2017","143,944","143,846","144,305","143,325","0,08%"
"23.05.2017","143,833","144,825","145,145","143,738","-0,70%"
"22.05.2017","144,845","144,749","144,990","143,529","0,06%"
"21.05.2017","144,755","145,056","145,056","144,437","0,30%"
"19.05.2017","144,322","145,490","145,923","143,721","-0,81%"
"18.05.2017","145,501","145,329","147,812","144,511","0,12%"
"17.05.2017","145,330","141,636","145,330","141,464","2,61%"
"16.05.2017","141,635","140,468","141,697","140,320","0,83%"
"15.05.2017","140,471","141,291","141,444","140,286","-0,58%"
"14.05.2017","141,291","141,325","141,377","141,166","0,18%"
"12.05.2017","141,044","140,916","142,232","140,866","0,08%"
"11.05.2017","140,932","140,377","141,570","140,150","0,39%"
"10.05.2017","140,378","142,555","142,645","140,233","-1,53%"
"09.05.2017","142,555","141,556","142,826","140,236","0,71%"
"08.05.2017","141,552","140,588","141,875","139,526","0,69%"
"07.05.2017","140,579","139,608","140,588","139,495","0,49%"
"05.05.2017","139,889","141,512","141,953","139,834","-0,28%"
"04.05.2017","140,276","140,759","141,442","140,075","-0,34%"
"03.05.2017","140,760","142,383","142,738","140,436","-1,14%"
"02.05.2017","142,386","143,611","143,745","142,039","-0,86%"
"01.05.2017","143,618","145,139","145,156","143,299","-1,05%"
"30.04.2017","145,143","144,952","145,282","144,952","0,23%"
"28.04.2017","144,817","144,857","145,387","144,084","-0,03%"
"27.04.2017","144,864","145,599","145,728","144,471","-0,50%"
"26.04.2017","145,599","145,501","146,448","144,890","0,07%"
"25.04.2017","145,502","146,929","146,985","145,235","-0,96%"
"24.04.2017","146,918","148,042","148,716","146,280","-0,76%"
"23.04.2017","148,047","147,678","148,098","146,901","-1,53%"
"21.04.2017","150,340","150,006","151,102","149,582","0,21%"
"20.04.2017","150,029","151,154","151,275","149,144","-0,75%"
"19.04.2017","151,161","151,615","151,879","150,289","-0,29%"
"18.04.2017","151,600","152,748","153,453","151,505","-0,76%"
"17.04.2017","152,758","151,375","153,643","150,798","0,91%"
"16.04.2017","151,387","151,016","151,493","150,817","-0,19%"
"13.04.2017","151,668","151,013","152,279","150,488","0,43%"
"12.04.2017","151,016","151,672","152,346","149,817","-0,42%"
"11.04.2017","151,660","150,609","152,202","149,943","0,70%"
"10.04.2017","150,600","150,460","150,673","149,553","0,08%"
"09.04.2017","150,484","150,476","150,755","150,142","0,09%"
"07.04.2017","150,344","149,242","152,427","149,077","0,74%"
"06.04.2017","149,245","149,959","150,332","148,909","-0,47%"
"05.04.2017","149,957","148,492","149,957","147,825","0,98%"
"04.04.2017","148,500","147,175","149,020","146,938","0,90%"
"03.04.2017","147,173","145,853","147,187","145,297","0,91%"
"02.04.2017","145,853","145,817","146,029","145,747","-0,08%"
"31.03.2017","145,972","146,167","146,245","144,999","-0,13%"
"30.03.2017","146,163","146,796","147,068","145,319","-0,43%"
"29.03.2017","146,798","147,052","147,356","146,288","-0,17%"
"28.03.2017","147,043","145,685","147,576","145,400","0,93%"
"27.03.2017","145,690","145,090","146,496","145,002","0,42%"
"26.03.2017","145,082","144,681","145,390","144,680","0,35%"
"24.03.2017","144,575","145,543","145,667","144,358","-0,66%"
"23.03.2017","145,542","144,868","145,951","144,606","0,46%"
"22.03.2017","144,875","145,572","146,149","144,617","-0,48%"
"21.03.2017","145,579","143,884","145,750","142,672","1,19%"
"20.03.2017","143,866","143,716","144,263","143,435","0,12%"
"19.03.2017","143,689","143,491","143,694","143,459","-0,06%"
"17.03.2017","143,780","143,095","144,137","142,129","0,47%"
"16.03.2017","143,102","144,222","145,591","142,508","-0,78%"
"15.03.2017","144,225","144,411","145,089","143,156","-0,12%"
"14.03.2017","144,399","144,676","145,537","144,041","-0,19%"
"13.03.2017","144,669","145,078","145,970","144,438","-0,29%"
"12.03.2017","145,087","145,284","145,339","145,004","0,33%"
"10.03.2017","144,603","145,588","145,649","143,891","-0,67%"
"09.03.2017","145,585","145,553","146,476","144,932","0,03%"
"08.03.2017","145,543","143,899","145,851","143,594","1,15%"
"07.03.2017","143,890","146,466","146,508","143,693","-1,76%"
"06.03.2017","146,463","147,674","147,801","146,235","-0,83%"
"05.03.2017","147,689","147,247","147,696","147,200","0,47%"
"03.03.2017","147,005","148,090","148,310","146,423","-0,74%"
"02.03.2017","148,101","146,439","148,231","146,353","1,13%"
"01.03.2017","146,441","145,993","147,086","145,108","0,31%"
"28.02.2017","145,992","145,398","146,970","145,089","0,41%"
"27.02.2017","145,399","145,407","146,056","144,525","-0,01%"
"26.02.2017","145,407","145,617","145,617","145,255","-0,29%"
"24.02.2017","145,828","143,379","145,932","143,291","1,72%"
"23.02.2017","143,368","142,517","143,577","141,992","0,60%"
"22.02.2017","142,517","144,015","144,250","142,236","-1,02%"
"21.02.2017","143,979","144,189","144,375","143,066","-0,16%"
"20.02.2017","144,204","144,339","144,594","143,464","-0,09%"
"19.02.2017","144,341","144,548","144,680","144,312","0,14%"
"17.02.2017","144,144","146,012","146,962","144,034","-1,29%"
"16.02.2017","146,031","145,022","146,746","144,968","0,70%"
"15.02.2017","145,012","144,295","145,365","143,274","0,50%"
"14.02.2017","144,286","144,795","144,954","143,754","-0,33%"
"13.02.2017","144,762","146,103","146,468","144,267","-0,92%"
"12.02.2017","146,101","146,236","146,281","145,945","-0,32%"
"10.02.2017","146,572","145,288","146,713","144,284","0,86%"
"09.02.2017","145,321","147,958","148,614","145,156","-1,79%"
"08.02.2017","147,973","148,278","149,157","147,639","-0,21%"
"07.02.2017","148,282","146,279","148,786","146,208","1,39%"
"06.02.2017","146,255","145,468","146,558","143,935","0,54%"
"05.02.2017","145,466","145,453","145,512","145,157","0,38%"
"03.02.2017","144,909","146,041","146,619","144,218","-0,77%"
"02.02.2017","146,028","146,764","147,433","145,218","-0,51%"
"01.02.2017","146,775","147,012","147,584","145,560","-0,16%"
"31.01.2017","147,012","145,384","147,693","144,853","1,13%"
"30.01.2017","145,373","148,559","148,782","144,874","-2,14%"
"29.01.2017","148,559","148,817","148,817","148,392","0,23%"
"27.01.2017","148,211","147,526","148,772","147,042","0,46%"
"26.01.2017","147,539","148,005","148,942","146,488","-0,30%"
"25.01.2017","147,987","147,125","148,331","146,262","0,60%"
"24.01.2017","147,103","147,005","149,230","145,685","0,07%"
"23.01.2017","147,005","147,392","147,862","146,667","-0,26%"
"22.01.2017","147,394","146,830","147,408","146,829","0,60%"
"20.01.2017","146,518","148,197","148,665","145,992","-1,12%"
"19.01.2017","148,179","147,264","148,608","146,395","0,61%"
"18.01.2017","147,278","146,995","148,024","146,525","0,20%"
"17.01.2017","146,988","147,436","148,905","146,536","-0,31%"
"16.01.2017","147,448","144,688","147,683","144,496","1,91%"
"15.01.2017","144,683","143,983","144,794","143,978","0,89%"
"13.01.2017","143,402","144,763","147,339","143,116","-0,97%"
"12.01.2017","144,810","148,681","151,651","144,200","-2,60%"
"11.01.2017","148,678","144,882","149,565","144,882","2,62%"
"10.01.2017","144,879","141,199","145,066","140,873","2,60%"
"09.01.2017","141,212","137,526","141,952","137,470","2,70%"
"08.01.2017","137,505","137,427","137,539","137,290","0,08%"
"06.01.2017","137,393","136,454","137,607","136,135","0,68%"
"05.01.2017","136,466","133,870","137,468","133,870","1,94%"
"04.01.2017","133,865","133,667","134,567","133,477","0,15%"
"03.01.2017","133,668","131,046","134,144","130,974","1,98%"
"02.01.2017","131,077","131,358","131,358","130,952","0,30%"
"30.12.2016","130,679","131,245","131,732","130,301","-0,43%"
"29.12.2016","131,244","129,959","131,481","129,884","0,99%"
"28.12.2016","129,958","129,049","130,118","128,992","0,71%"
"27.12.2016","129,043","127,988","129,949","127,835","0,82%"
"26.12.2016","127,988","128,129","128,163","127,965","-0,11%"
"23.12.2016","128,135","127,404","128,269","127,358","0,56%"
"22.12.2016","127,416","127,647","128,050","127,233","-0,18%"
"21.12.2016","127,647","128,228","128,952","127,536","-0,45%"
"20.12.2016","128,224","129,373","129,466","127,328","-0,89%"
"19.12.2016","129,380","127,793","129,677","127,760","1,24%"
"18.12.2016","127,791","127,695","127,886","127,681","-0,10%"
"16.12.2016","127,922","127,279","128,302","127,128","0,50%"
"15.12.2016","127,281","129,974","130,142","127,102","-2,07%"
"14.12.2016","129,978","130,028","130,549","129,159","-0,04%"
"13.12.2016","130,025","129,890","130,537","128,843","0,10%"
"12.12.2016","129,893","130,810","132,029","129,519","-0,72%"
"11.12.2016","130,831","130,058","130,892","129,970","0,86%"
"09.12.2016","129,719","129,947","131,031","128,685","-0,17%"
"08.12.2016","129,946","128,061","131,614","126,215","1,47%"
"07.12.2016","128,058","129,560","129,964","127,614","-1,16%"
"06.12.2016","129,564","132,585","133,459","129,079","-2,28%"
"05.12.2016","132,585","134,543","134,740","131,793","-1,46%"
"04.12.2016","134,546","134,560","135,626","134,475","1,07%"
"02.12.2016","133,127","132,077","135,301","131,492","0,78%"
"01.12.2016","132,093","129,556","132,127","128,459","1,96%"
"30.11.2016","129,556","130,364","130,992","129,416","-0,62%"
"29.11.2016","130,359","131,053","131,562","130,060","-0,54%"
"28.11.2016","131,067","131,712","132,430","130,516","-0,53%"
"27.11.2016","131,762","131,397","131,818","131,298","0,49%"
"25.11.2016","131,124","132,129","132,276","130,536","-0,76%"
"24.11.2016","132,125","129,942","132,194","128,708","1,67%"
"23.11.2016","129,949","131,938","132,450","129,567","-1,51%"
"22.11.2016","131,948","131,296","132,172","131,182","0,49%"
"21.11.2016","131,303","131,099","132,619","130,953","0,17%"
"20.11.2016","131,074","131,067","131,244","130,909","0,20%"
"18.11.2016","130,810","131,862","132,149","130,585","-0,80%"
"17.11.2016","131,865","130,957","132,428","130,617","0,69%"
"16.11.2016","130,955","129,740","131,442","129,740","0,91%"
"15.11.2016","129,779","129,476","130,042","128,745","0,23%"
"14.11.2016","129,478","128,269","129,992","127,070","0,94%"
"13.11.2016","128,275","128,287","128,646","128,099","-0,01%"
"11.11.2016","128,293","131,732","132,468","127,219","-2,61%"
"10.11.2016","131,737","131,731","133,803","131,075","0,00%"
"09.11.2016","131,731","129,523","139,488","128,889","1,70%"
"08.11.2016","129,535","130,666","131,623","129,053","-0,87%"
"07.11.2016","130,669","130,680","131,597","130,078","-0,00%"
"06.11.2016","130,675","131,050","131,191","130,555","-1,33%"
"04.11.2016","132,440","130,462","133,113","130,293","1,52%"
"03.11.2016","130,451","129,978","130,959","128,575","0,35%"
"02.11.2016","130,000","128,962","131,380","128,904","0,80%"
"01.11.2016","128,966","127,067","129,680","126,994","1,49%"
"31.10.2016","127,068","127,877","128,087","126,531","-0,62%"
"30.10.2016","127,867","128,002","128,002","127,582","0,32%"
"28.10.2016","127,465","127,042","128,477","126,613","0,33%"
"27.10.2016","127,042","125,502","127,165","125,502","1,23%"
"26.10.2016","125,502","125,852","126,440","125,466","-0,27%"
"25.10.2016","125,847","125,222","126,070","125,094","0,50%"
"24.10.2016","125,221","125,471","125,725","124,749","-0,19%"
"23.10.2016","125,464","125,673","125,709","125,341","0,06%"
"21.10.2016","125,395","124,486","125,912","124,326","0,71%"
"20.10.2016","124,505","124,963","125,544","124,340","-0,37%"
"19.10.2016","124,969","125,765","125,838","124,709","-0,64%"
"18.10.2016","125,775","125,026","126,213","124,880","0,61%"
"17.10.2016","125,017","124,630","125,548","124,428","0,31%"
"16.10.2016","124,626","124,239","124,639","124,099","0,27%"
"14.10.2016","124,288","124,680","125,138","123,768","-0,34%"
"13.10.2016","124,711","124,431","125,957","124,264","0,22%"
"12.10.2016","124,441","124,351","125,031","123,941","0,07%"
"11.10.2016","124,357","124,274","125,132","124,015","0,07%"
"10.10.2016","124,274","123,573","124,916","123,124","0,56%"
"09.10.2016","123,587","123,228","123,747","123,201","0,23%"
"07.10.2016","123,298","122,839","123,853","122,148","0,38%"
"06.10.2016","122,837","124,597","124,607","122,150","-1,42%"
"05.10.2016","124,609","124,798","125,576","123,948","-0,15%"
"04.10.2016","124,794","127,400","127,888","124,588","-2,06%"
"03.10.2016","127,422","126,989","127,731","126,874","0,33%"
"02.10.2016","127,000","127,143","127,152","126,913","0,01%"
"30.09.2016","126,989","127,457","128,341","126,671","-0,37%"
"29.09.2016","127,459","126,774","128,019","126,696","0,54%"
"28.09.2016","126,774","126,877","127,172","126,514","-0,08%"
"27.09.2016","126,873","128,204","128,512","126,847","-1,05%"
"26.09.2016","128,214","128,621","128,791","128,025","-0,33%"
"25.09.2016","128,637","128,614","128,874","128,562","0,87%"
"23.09.2016","127,522","126,517","127,650","126,311","0,79%"
"22.09.2016","126,517","126,701","127,198","126,194","-0,15%"
"21.09.2016","126,701","125,981","127,376","125,563","0,58%"
"20.09.2016","125,971","125,739","126,066","125,502","0,17%"
"19.09.2016","125,754","125,575","126,181","125,434","0,14%"
"18.09.2016","125,581","125,646","125,838","125,526","0,02%"
"16.09.2016","125,555","125,666","125,823","125,265","-0,10%"
"15.09.2016","125,677","126,764","127,094","125,223","-0,86%"
"14.09.2016","126,773","126,736","127,077","126,277","0,01%"
"13.09.2016","126,761","127,059","127,430","126,138","-0,21%"
"12.09.2016","127,034","126,931","127,627","126,373","0,07%"
"11.09.2016","126,941","126,918","127,165","126,577","0,12%"
"09.09.2016","126,786","127,031","127,760","126,756","-0,19%"
"08.09.2016","127,031","126,886","127,454","126,668","0,14%"
"07.09.2016","126,857","126,812","127,291","126,684","0,05%"
"06.09.2016","126,798","125,745","127,144","125,516","0,84%"
"05.09.2016","125,739","125,526","125,921","125,445","0,18%"
"04.09.2016","125,517","125,713","125,743","125,508","-0,15%"
"02.09.2016","125,702","125,196","126,207","124,529","0,40%"
"01.09.2016","125,195","124,547","125,463","124,034","0,51%"
"31.08.2016","124,558","125,054","125,389","124,299","-0,39%"
"30.08.2016","125,047","125,661","125,919","124,749","-0,49%"
"29.08.2016","125,660","125,482","125,893","124,992","0,14%"